{"cameraMode":{"drawMode":0,"name":"Shaded","section":"Shading Mode"},"sceneLighting":false,"audioPlay":false,"sceneViewState":{"showFog":true,"showMaterialUpdate":false,"showSkybox":true,"showFlares":true,"showImageEffects":true,"showParticleSystems":true},"in2DMode":false,"pivot":{"x":-19.98102378845215,"y":1.4956640005111695,"z":-0.0652012825012207},"rotation":{"x":-0.4104752838611603,"y":-0.07482356578111649,"z":0.033818792551755908,"w":-0.9081672430038452},"size":5.167483329772949,"orthographic":false}