{"cameraMode":{"drawMode":0,"name":"Shaded","section":"Shading Mode"},"sceneLighting":false,"audioPlay":false,"sceneViewState":{"showFog":true,"showMaterialUpdate":false,"showSkybox":true,"showFlares":true,"showImageEffects":true,"showParticleSystems":true},"in2DMode":false,"pivot":{"x":-0.5956146717071533,"y":0.8320590853691101,"z":-20.297094345092775},"rotation":{"x":-0.014799254946410656,"y":0.7529995441436768,"z":-0.016945218667387964,"w":-0.657636284828186},"size":3.8005189895629885,"orthographic":false}