{"cameraMode":{"drawMode":0,"name":"Shaded","section":"Shading Mode"},"sceneLighting":false,"audioPlay":false,"sceneViewState":{"showFog":true,"showMaterialUpdate":false,"showSkybox":true,"showFlares":true,"showImageEffects":true,"showParticleSystems":true},"in2DMode":false,"pivot":{"x":-19.884370803833009,"y":1.4958827495574952,"z":-0.03444850444793701},"rotation":{"x":-0.4104752838611603,"y":-0.07482356578111649,"z":0.033818792551755908,"w":-0.9081672430038452},"size":4.28770112991333,"orthographic":false}