{"cameraMode":{"drawMode":0,"name":"Shaded","section":"Shading Mode"},"sceneLighting":false,"audioPlay":false,"sceneViewState":{"showFog":true,"showMaterialUpdate":false,"showSkybox":true,"showFlares":true,"showImageEffects":true,"showParticleSystems":true},"in2DMode":false,"pivot":{"x":-17.146183013916017,"y":-0.2067580223083496,"z":-0.3380625247955322},"rotation":{"x":0.07945548743009567,"y":0.7001358270645142,"z":-0.07888757437467575,"w":0.7051761150360107},"size":9.92171573638916,"orthographic":false}